acari_odb12	2025-07-01	4edef67d5bcde8404c83efd159529fab	Eukaryota	lineages
acetobacteraceae_odb12	2025-05-14	27401736f4457a07f9d0a6499cf0d3e6	Prokaryota	lineages
acetobacter_odb12	2025-05-14	535ac707a93c40dcd03b2f7a4404a077	Prokaryota	lineages
acholeplasmataceae_odb12	2025-05-14	9b63db9907a6a4488ea547a346f428b4	Prokaryota	lineages
achromobacter_odb12	2025-05-14	cb4db2ca5ee9f7c5751eeb562c77e4bc	Prokaryota	lineages
acidobacteriaceae_odb12	2025-05-14	4d336b45226afc3a52e4e0b8b3f37ed6	Prokaryota	lineages
acidobacteria_odb10	2024-01-08	13046d110cf6d038af269ee6e0681bdc	Prokaryota	lineages
acidobacteriota_odb12	2025-05-14	af4b784b7c07ecb267b4f1e949776cce	Prokaryota	lineages
acidovorax_odb12	2025-05-14	6fe3d3eeb6d550114d520ae2e72d4552	Prokaryota	lineages
acinetobacter_odb12	2025-05-14	9811a0517cba7b743907d4002125f536	Prokaryota	lineages
aconoidasida_odb10	2024-01-08	47b6ece13859b681466c79f4e6c6d1ad	Eukaryota	lineages
aconoidasida_odb12	2025-07-01	a5b5c13af5bd4447c09a65ae824814d7	Eukaryota	lineages
actinobacteria_class_odb10	2024-01-08	0a326071854e20d1977a13a5e3a5f84f	Prokaryota	lineages
actinobacteria_phylum_odb10	2024-01-08	eaa25a3d973f580d4cf59b7251309e5a	Prokaryota	lineages
actinomadura_odb12	2025-05-14	f7f9a535e66305fb25c96239edf23a46	Prokaryota	lineages
actinomyces_odb12	2025-05-14	f1fad5b4591ba5152465917348abf333	Prokaryota	lineages
actinomycetaceae_odb12	2025-05-14	368ea5881828fd48ef90df9108cf9c28	Prokaryota	lineages
actinomycetes_odb12	2025-05-14	a88c3e91e634be1ed88d01b8ad4cbd8f	Prokaryota	lineages
actinomycetota_odb12	2025-05-14	edd3c8c0dfc96714354ccff2fc6030b3	Prokaryota	lineages
actinoplanes_odb12	2025-05-14	71afb3aaa6ac9f93591a1953c470157c	Prokaryota	lineages
actinopterygii_odb10	2024-01-08	6b042870822559fcacf129fdedea8927	Eukaryota	lineages
actinopterygii_odb12	2025-07-01	b56a09fc79289231acf13bb8336dadfd	Eukaryota	lineages
aculeata_odb12	2025-07-01	ba0b47544f62aa0b4dbb1756de4a408b	Eukaryota	lineages
aerococcaceae_odb12	2025-05-14	ee0b6be9541d8662f778909caf604187	Prokaryota	lineages
aeromicrobium_odb12	2025-05-14	ae8da1c04b579833c9fc0258fbe18191	Prokaryota	lineages
aeromonadaceae_odb12	2025-05-14	a0e73c15c864e965e06491469d701139	Prokaryota	lineages
aeromonas_odb12	2025-05-14	f0cf79bf8390408ca12db5c4729847ca	Prokaryota	lineages
afipia_odb12	2025-05-14	f4347ae1f1810b82553a980c446d6a19	Prokaryota	lineages
agaricales_odb10	2024-01-08	1bf1c632dab6ae5b4ff0be6fad8ff8cf	Eukaryota	lineages
agaricales_odb12	2025-07-01	dd29f51bb36985ea04dfdf5ed7d82f2e	Eukaryota	lineages
agaricomycetes_odb10	2024-01-08	717f3e2543617972c9a45bbd4ac975b6	Eukaryota	lineages
agaricomycetes_odb12	2025-07-01	1bd7a8b4eefcdea35ed0dd90c71a7ffe	Eukaryota	lineages
agrobacterium_odb12	2025-05-14	e0010183e91345e8e4fa0b505083ec42	Prokaryota	lineages
agromyces_odb12	2025-05-14	421c37efdbca9d425b9885ef6d0d1313	Prokaryota	lineages
ajellomycetaceae_odb12	2025-07-01	5e7356198c332e5c6382ce8adb55d750	Eukaryota	lineages
alcaligenaceae_odb12	2025-05-14	2f4ae54300f3ab57127d0ce8a68251f3	Prokaryota	lineages
alcanivorax_odb12	2025-05-14	fea525989589bb5dd9fc7a79cd3fa970	Prokaryota	lineages
algoriphagus_odb12	2025-05-14	f49db2f7a1101601b19c28db7f1f0627	Prokaryota	lineages
alicyclobacillaceae_odb12	2025-05-14	8c02252e5805d3de3e3f36e8d06e7cac	Prokaryota	lineages
alicyclobacillus_odb12	2025-05-14	865a0cb044325b32454bb97b2bef6fcf	Prokaryota	lineages
alistipes_odb12	2025-05-14	ba2777223f7667769fc94e1b56db570b	Prokaryota	lineages
alphabaculovirus_odb10	2024-01-08	ec04ed01eab6001f35c1a6ebfc70180f	Virus	lineages
alphaherpesvirinae_odb10	2024-01-08	44433a26b31aa50e4314a013eb2d1ff4	Virus	lineages
alphaproteobacteria_odb10	2024-01-08	22db70ba9f321e8b8f4eed0b2be41b6f	Prokaryota	lineages
alphaproteobacteria_odb12	2025-05-14	4090e762246c45d2e156592f1bb11a5f	Prokaryota	lineages
alteromonadales_odb10	2024-01-08	0a959f97971c349fdd69bc37e7796514	Prokaryota	lineages
alteromonadales_odb12	2025-05-14	4a0ba1f70e10fa10635d0aba13c7670d	Prokaryota	lineages
alteromonas_odb12	2025-05-14	c2d33baacbedac15fcf8bb517958144c	Prokaryota	lineages
alveolata_odb10	2024-01-08	cbd2ddb6b18efb2b4ca218a74688aacf	Eukaryota	lineages
alveolata_odb12	2025-07-01	294ffd2378cf8d868d523f923c460508	Eukaryota	lineages
amoebozoa_odb12	2025-07-01	4747b015f53b0769219f34e13148dfda	Eukaryota	lineages
amycolatopsis_odb12	2025-05-14	d5fde384a6047567fb595f2a3c7d5f1c	Prokaryota	lineages
anaerococcus_odb12	2025-05-14	2bc9c3369e654105a18dd3e5cf32eae1	Prokaryota	lineages
anaplasmataceae_odb12	2025-05-14	f1467240e2107fbe3f02385b30578139	Prokaryota	lineages
anopheles_odb12	2025-07-01	7f4048acce48dd2b71e380157424fa84	Eukaryota	lineages
anthozoa_odb12	2025-07-01	da47059fade542543040f8c2c5d9c951	Eukaryota	lineages
apicomplexa_odb10	2024-01-08	e27eb839243c4a4280e4187108b48596	Eukaryota	lineages
apicomplexa_odb12	2025-07-01	a8a1c05a36467c0776f170cd2226a238	Eukaryota	lineages
apoidea_odb12	2025-07-01	17a84da64f8965a35254d459a7a4955e	Eukaryota	lineages
aquificae_odb10	2024-01-08	0285bccb18097979aef7badd2b554378	Prokaryota	lineages
aquificae_odb12	2025-05-14	4526055b105eb9e267ea59152a0b6cd0	Prokaryota	lineages
aquimarina_odb12	2025-05-14	be9e976cd8e92066da06acf18e17b18c	Prokaryota	lineages
arachnida_odb10	2024-01-08	625818d0544cd760356af0b8e9a5a412	Eukaryota	lineages
arachnida_odb12	2025-07-01	5ffa234b6a4ee382001de22af1862f14	Eukaryota	lineages
araneae_odb12	2025-07-01	39b4a9a4da335d36eb4b3e395b071396	Eukaryota	lineages
archaea_odb10	2024-01-08	3eb26c670c520c0f3b32bff46fce03d7	Prokaryota	lineages
archaea_odb12	2025-05-14	98982964c104103bc5b8222584251ffa	Prokaryota	lineages
arcobacter_odb12	2025-05-14	a9e74bc235e1872deb3fdbaa980aa271	Prokaryota	lineages
arthrobacter_odb12	2025-05-14	83327c1b1702a51c3ec46240301098bc	Prokaryota	lineages
arthropoda_odb10	2024-01-08	915ae2790da249b81eceeb1cea2ad922	Eukaryota	lineages
arthropoda_odb12	2025-07-01	6dc8637ca77c6142ac92b4c38c914cea	Eukaryota	lineages
artiodactyla_odb12	2025-07-01	5f187cb4d34c092076c003bb40189bda	Eukaryota	lineages
ascomycota_odb10	2024-01-08	694c2ad193a01cd6e95487a3ddcbcce8	Eukaryota	lineages
ascomycota_odb12	2025-07-01	71d341a4b1e0fed8b11d1221809aa9e7	Eukaryota	lineages
aspergillus_odb12	2025-07-01	e1bebe67dd48be81b0117b4e8986398b	Eukaryota	lineages
asticcacaulis_odb12	2025-05-14	2f327d367e90ed04bbac9b95ca4ef0db	Prokaryota	lineages
atopobiaceae_odb12	2025-05-14	47784adbc48ed362ab501a9efea800ef	Prokaryota	lineages
aurantimonadaceae_odb12	2025-05-14	2ff4ef5dbf6b485e72763b79acb11229	Prokaryota	lineages
aureimonas_odb12	2025-05-14	636cafd0fd62cc45da128c281c3c29ec	Prokaryota	lineages
aves_odb10	2024-01-08	eea0b7e8122b1f528c97c142e9ddfd82	Eukaryota	lineages
aves_odb12	2025-07-01	03eebb9d8e4843d07435f9408fa95e84	Eukaryota	lineages
aviadenovirus_odb10	2024-01-08	f9c946051627e87ff717ad466d6c5966	Virus	lineages
azospirillum_odb12	2025-05-14	fc7f0fecf2b627d5a884f2dcb65998b1	Prokaryota	lineages
bacillaceae_odb12	2025-05-14	2da420a3515f2c383201e0c058f1a233	Prokaryota	lineages
bacillales_odb10	2024-01-08	e2fb5d46b90c76f849d9ec9c49ae79ca	Prokaryota	lineages
bacillales_odb12	2025-05-14	e02e4944166ea95f6ac84761bd7f5c63	Prokaryota	lineages
bacillariophyta_odb12	2025-07-01	a4758e277c321b5f98d6c227d7678235	Eukaryota	lineages
bacilli_odb10	2024-01-08	e8dc4ad8c6e26e2dfc47e155736896bd	Prokaryota	lineages
bacilli_odb12	2025-05-14	086e254af830d134c99336997ccdb843	Prokaryota	lineages
bacillota_odb12	2025-05-14	9c7d0e4f54984755c8fa9056263583d2	Prokaryota	lineages
bacillus_odb12	2025-05-14	66a22d0934571e425a5ecd19a2bfcf26	Prokaryota	lineages
bacteria_odb10	2024-01-08	bff9523df89980699c01e8f31e490496	Prokaryota	lineages
bacteria_odb12	2025-05-14	e8578cd3b825e74fd6df7a80a4614ef3	Prokaryota	lineages
bacteroidales_odb10	2024-01-08	60e4d09d2526ad90561bc0ad4c67f783	Prokaryota	lineages
bacteroidales_odb12	2025-05-14	748f8afac2b99495ecc700816ec05f88	Prokaryota	lineages
bacteroides_odb12	2025-05-14	10913a0975f38624a2fe586c4bb54155	Prokaryota	lineages
bacteroidetes-chlorobi_group_odb10	2024-01-08	4d2ae5165b8aec5f42f42d79e98bc05d	Prokaryota	lineages
bacteroidetes_odb10	2024-01-08	81eddd495a27b2c15b661eb2f018b01b	Prokaryota	lineages
bacteroidia_odb10	2024-01-08	1756db675bfee79e3a3a6e9946003038	Prokaryota	lineages
bacteroidia_odb12	2025-05-14	dbf4e0a395a5b16499a37a2df68da9aa	Prokaryota	lineages
bacteroidota-chlorobiota_group_odb12	2025-05-14	0beec194ed721aafc19cc62daf981092	Prokaryota	lineages
baculoviridae_odb10	2024-01-08	78a612f186cb5b88ec8c030661e46487	Virus	lineages
bartonella_odb12	2025-05-14	7e922b7afd59deafcad8a8b851a7eb51	Prokaryota	lineages
basidiomycota_odb10	2024-01-08	55ee0a0b2ca18812393fd43faf4f1897	Eukaryota	lineages
basidiomycota_odb12	2025-07-01	6eafbc01c005afcd17ec2614c39504d5	Eukaryota	lineages
bclasvirinae_odb10	2024-01-08	51a9dce485c577e575d411d10c566820	Virus	lineages
betabaculovirus_odb10	2024-01-08	aab73c1e308f8a1cec4f4529b06ee3d4	Virus	lineages
betaherpesvirinae_odb10	2024-01-08	1fd9d15097a377d712c6458451bf65af	Virus	lineages
betaproteobacteria_odb10	2024-01-08	040cf23dfcfc0fa632bd48fde213b61f	Prokaryota	lineages
betaproteobacteria_odb12	2025-05-14	4e73a4f2a31cac1e36848829be25f394	Prokaryota	lineages
bifidobacteriaceae_odb12	2025-05-14	8a8fbb4b3167578c41e8bd60c0f7626b	Prokaryota	lineages
bifidobacterium_odb12	2025-05-14	4be1deaa617ff80e073331643aecb331	Prokaryota	lineages
blautia_odb12	2025-05-14	100c3d058be3fb63d4091d52238bc22c	Prokaryota	lineages
boletales_odb10	2024-01-08	7a7b1635d171d069a5525ee24faf8c83	Eukaryota	lineages
boletales_odb12	2025-07-01	21a7d085785e4e68fbf313390af70db8	Eukaryota	lineages
bordetella_odb12	2025-05-14	1e121b463774a9c05d999e7657f578d2	Prokaryota	lineages
borreliaceae_odb12	2025-05-14	4ad8819511c8c708cfa41709f5a4020c	Prokaryota	lineages
bosea_odb12	2025-05-14	9869241da4b5b56817ec1b41acaa9517	Prokaryota	lineages
brachybacterium_odb12	2025-05-14	860785069fe94bd86ce5495c65bd404c	Prokaryota	lineages
brachycera_odb12	2025-07-01	7bf17488147fbffc7032144f45ceb102	Eukaryota	lineages
brachyspira_odb12	2025-05-14	c198aeb54c615fa382b77f0bf9f92219	Prokaryota	lineages
bradyrhizobium_odb12	2025-05-14	28ea4d5ecb5a44f8570711b8a1c6c0f3	Prokaryota	lineages
brassicales_odb10	2024-01-08	7f96488b36e2f391dd594a099b31ea24	Eukaryota	lineages
brassicales_odb12	2025-07-01	7081b21faa2fffb4dbc2c4432aa426c6	Eukaryota	lineages
brevibacillus_odb12	2025-05-14	f95ff73febffc6dce7a85aa7c28b977c	Prokaryota	lineages
brevibacterium_odb12	2025-05-14	ce77ac8dc14a3be7eb165fad14682bc4	Prokaryota	lineages
brevundimonas_odb12	2025-05-14	9c3827164eb72fd8d41f4a069ca9fd48	Prokaryota	lineages
buchnera_odb12	2025-05-14	855a2861bb345de411c9b014bc042ba6	Prokaryota	lineages
burkholderiaceae_odb12	2025-05-14	b21ddb4a52ea13887d66c56c9a99139e	Prokaryota	lineages
burkholderiales_odb10	2024-01-08	b41288c7ab665a79a592214850af3dcf	Prokaryota	lineages
burkholderiales_odb12	2025-05-14	71834742531d1e6ee9c97bc72a1b6e7e	Prokaryota	lineages
burkholderia_odb12	2025-05-14	e41513e0340c9445ab8703c15d692e2d	Prokaryota	lineages
butyrivibrio_odb12	2025-05-14	3ef3262affa5399e166b94fa7efcfd29	Prokaryota	lineages
campylobacterales_odb10	2024-01-08	950fa5f90829dfbfe879e71f22d8a6f1	Prokaryota	lineages
campylobacterota_odb12	2025-05-14	6ce6a66ac88dfb81317e39c8cb3fc311	Prokaryota	lineages
capnocytophaga_odb12	2025-05-14	2d59a8143045ce8540bf98d6dcb458cd	Prokaryota	lineages
capnodiales_odb10	2024-01-08	a1601671360646aa38c968520f81a9bc	Eukaryota	lineages
carnivora_odb10	2024-01-08	a81b85b7d90b046315b8cb1bea8605c1	Eukaryota	lineages
carnivora_odb12	2025-07-01	4dd39f65c891dcd52654b427181b1612	Eukaryota	lineages
carnobacteriaceae_odb12	2025-05-14	3fb2129aae9147c73f1e50688214101f	Prokaryota	lineages
carnobacterium_odb12	2025-05-14	0c6a11f7b0327c68a4fedece5c2d7e49	Prokaryota	lineages
caulobacteraceae_odb12	2025-05-14	5dda9e73e419fa4818863b51a8f866cc	Prokaryota	lineages
caulobacter_odb12	2025-05-14	711d10c3a4a0272502e6485195db0bc5	Prokaryota	lineages
cellulomonadaceae_odb12	2025-05-14	9c4bc95e89cc8b47392b15f5613043ef	Prokaryota	lineages
cellvibrionaceae_odb12	2025-05-14	c62d1fd325cbb7396bc8c7fc2d003a84	Prokaryota	lineages
cellvibrionales_odb10	2024-01-08	4284a714433698dfcf38b7297bc6ef4b	Prokaryota	lineages
cellvibrionales_odb12	2025-05-14	ae050a0eabd1e18e8743a509ab0f4325	Prokaryota	lineages
cetartiodactyla_odb10	2024-01-08	7d348bed34a92a77c86adb4194a4d0cc	Eukaryota	lineages
chaetothyriales_odb10	2024-01-08	721a498d4da22ab75c48a705cb7ffafe	Eukaryota	lineages
chaetothyriales_odb12	2025-07-01	7be806f9618f66fad6b3efd4769a2816	Eukaryota	lineages
cheoctovirus_odb10	2024-01-08	74dacf2a763c2a462356ded5e79921db	Virus	lineages
chitinophagaceae_odb12	2025-05-14	1c87fe7328cf4f18329da6218cbf0ef4	Prokaryota	lineages
chlamydiae_odb10	2024-01-08	f9a0d5d18b525f5b25ffd28cbc79511a	Prokaryota	lineages
chlamydia_odb12	2025-05-14	dba8da77aacd53a8980f56f3ee320949	Prokaryota	lineages
chlamydiota_odb12	2025-05-14	0d452a72a6be94d075352991baeda904	Prokaryota	lineages
chlorobi_odb10	2024-01-08	1accab3fc927c6e614d96d3b76eb7d41	Prokaryota	lineages
chlorobiota_odb12	2025-05-14	abcde86320b5bdf64047c655c96965d0	Prokaryota	lineages
chloroflexi_odb10	2024-01-08	9633d49879fba7efe9d59e9ec1f6fb70	Prokaryota	lineages
chloroflexota_odb12	2025-05-14	dd03b34715b5a108e21ca1bbf20c9c1f	Prokaryota	lineages
chlorophyceae_odb12	2025-07-01	3f19c50767afd7a0b5076d2ba57617a8	Eukaryota	lineages
chlorophyta_odb10	2024-01-08	7dbcc25dd421be9fbb0f0ae0d7095284	Eukaryota	lineages
chlorophyta_odb12	2025-07-01	19d1c986d3f9f7464a42c44743f3b275	Eukaryota	lineages
chordopoxvirinae_odb10	2024-01-08	c5ff51b8e86771a94400c0df8f8eb383	Virus	lineages
chromadorea_odb12	2025-07-01	7d8671737c08cb7713f72a2837fcdce8	Eukaryota	lineages
chromatiaceae_odb12	2025-05-14	8948feb597d0ca4b35826dceee57dc6c	Prokaryota	lineages
chromatiales_odb10	2024-01-08	113389b263ee38c451831b513a56ae85	Prokaryota	lineages
chromatiales_odb12	2025-05-14	8acf1a66de22e82f502675537c35a55d	Prokaryota	lineages
chromobacteriaceae_odb12	2025-05-14	11cee267cb0a30afe91fa3673fda75f5	Prokaryota	lineages
chroococcales_odb10	2024-01-08	319aa6d9e5ce2606aecfc0bce4419eb8	Prokaryota	lineages
chroococcales_odb12	2025-05-14	bf4ab17a481ec9c820548477cb6579c5	Prokaryota	lineages
chryseobacterium_odb12	2025-05-14	a5e5c2064b7b48f6e1c15a3a51019fc7	Prokaryota	lineages
chytridiomycota_odb12	2025-07-01	9914b488e3cd11062298e229f871e424	Eukaryota	lineages
ciliophora_odb12	2025-07-01	a362e27933c9f95ca64aae60487b6a5d	Eukaryota	lineages
citrobacter_odb12	2025-05-14	5ca6a8df0f7f6d9d4e7594ff1500dc10	Prokaryota	lineages
clavicipitaceae_odb12	2025-07-01	e8bd86c506ae9887fc4ab51ca8b61fbf	Eukaryota	lineages
clostridiaceae_odb12	2025-05-14	3c2481fb606835046f9aa00df0734dcf	Prokaryota	lineages
clostridiales_odb10	2024-01-08	9b90a303dc2395f6197c1d64f03fbfc0	Prokaryota	lineages
clostridia_odb10	2024-01-08	7eeb8a01b7c4643aa9fbbd1fd03c887f	Prokaryota	lineages
clostridia_odb12	2025-05-14	820b3a47cc4593ef4b52cbfe8591b220	Prokaryota	lineages
cnidaria_odb12	2025-07-01	de8a248535d3a57d2f2fb5d9e373ec8c	Eukaryota	lineages
coccidia_odb10	2024-01-08	ec804a941baabf38053a0f8b8c7021dd	Eukaryota	lineages
coccidia_odb12	2025-07-01	b8f58f93e715aac78984c177fd259ad5	Eukaryota	lineages
coleoptera_odb12	2025-07-01	e3545ff4137623e23d5368970c501a6c	Eukaryota	lineages
collinsella_odb12	2025-05-14	df1cbc0c47c9b64ba7565f35b011c1c5	Prokaryota	lineages
colwellia_odb12	2025-05-14	da17f1fe560f2547ca73f78085637283	Prokaryota	lineages
comamonadaceae_odb12	2025-05-14	1366f3a340d4b2a995b681217d7ab467	Prokaryota	lineages
comamonas_odb12	2025-05-14	3215695d7921101262ab6d59d5952126	Prokaryota	lineages
cordycipitaceae_odb12	2025-07-01	05b41e25057f9594a10af97af9188af1	Eukaryota	lineages
coriobacteriales_odb10	2024-01-08	18776c9d1cf45a170a71a57e6b0bf32c	Prokaryota	lineages
coriobacteriia_odb10	2024-01-08	6837d15f63527b8b9ad624f9e4a26daf	Prokaryota	lineages
coriobacteriia_odb12	2025-05-14	0140c15a5fcbdbd89063fb23e45614a5	Prokaryota	lineages
corynebacteriales_odb10	2024-01-08	af866d8ea389f71092f9344fb9603f5c	Prokaryota	lineages
corynebacterium_odb12	2025-05-14	3a66276b8b2358fe3f31c1b7bbf6b96c	Prokaryota	lineages
crustacea_odb12	2025-07-01	bb8eabe7973d516f9755b698c1f55725	Eukaryota	lineages
cryptosporidium_odb12	2025-07-01	96a969e3f434ebf3fc56045e2f38fca2	Eukaryota	lineages
culicidae_odb12	2025-07-01	c837450329f20a38e13b9e973150a56d	Eukaryota	lineages
cupriavidus_odb12	2025-05-14	24889bed268c6da9c783d4f0f9615ba2	Prokaryota	lineages
curtobacterium_odb12	2025-05-14	466f618150ca7546e0d2b2f5ce37d75f	Prokaryota	lineages
cyanobacteria_odb10	2024-01-08	26b249d637a4146011f38bcf70c6d6f3	Prokaryota	lineages
cyanobacteriota_odb12	2025-05-14	6c213984602cb9b1b1c5848a1ff191ec	Prokaryota	lineages
cyclobacteriaceae_odb12	2025-05-14	b90b630c983eacb7dd108ddc95d1080f	Prokaryota	lineages
cyprinodontiformes_odb10	2024-01-08	4f85a35eafec1392512eba8b6011dfce	Eukaryota	lineages
cyprinodontiformes_odb12	2025-07-01	61bd3073549aeaa9d1372da9206649cf	Eukaryota	lineages
cytophagaceae_odb12	2025-05-14	7575dbd4f54b8cfb7d46e89206081a8e	Prokaryota	lineages
cytophagales_odb10	2024-01-08	6ec59af7cc8d6f6d5de4c6f22f5eb5f0	Prokaryota	lineages
cytophagia_odb10	2024-01-08	ccecc5c2a542cf3d75330c1eacbd3100	Prokaryota	lineages
cytophagia_odb12	2025-05-14	74986ca4ac4f3376c3f61b7fdb41ec72	Prokaryota	lineages
debaryomycetaceae_odb12	2025-07-01	137ec8b18b358607b768b81fc6ae78ef	Eukaryota	lineages
deinococcus_odb12	2025-05-14	2b62fdc7432d8343cd29ce6baa7c2797	Prokaryota	lineages
delta-epsilon-subdivisions_odb10	2024-01-08	911bdaa6c96bef4feaadd29846681cbd	Prokaryota	lineages
delta-epsilon_subdivisions_odb12	2025-05-14	59cb4374b93fad74e16197adc71309b6	Prokaryota	lineages
deltaproteobacteria_odb10	2024-01-08	93caf5a115cffaf8089f47b7e592024a	Prokaryota	lineages
deltaproteobacteria_odb12	2025-05-14	bcc9b95605d3efbf74fcaa9e402ce79f	Prokaryota	lineages
desulfobacteraceae_odb12	2025-05-14	7922c40db2033e2e3ef373b2301d9262	Prokaryota	lineages
desulfobacterales_odb10	2024-01-08	6a47df2907b67b809b29291ad9baadeb	Prokaryota	lineages
desulfobacterales_odb12	2025-05-14	70d7469e0acf9146bbb6fcf7d18c9547	Prokaryota	lineages
desulfosporosinus_odb12	2025-05-14	2fe252c3f6b952288cbcc6e1ef5d12ec	Prokaryota	lineages
desulfovibrionales_odb10	2024-01-08	2e4e5bc1e1e38533273013a92d59e6f8	Prokaryota	lineages
desulfovibrionales_odb12	2025-05-14	9ace30f0f4b9fec45175306f1e38ff22	Prokaryota	lineages
desulfurococcaceae_odb12	2025-05-14	5ba523a2806d071d0b3cd47e2b7aae2a	Prokaryota	lineages
desulfurococcales_odb10	2024-01-08	74cc4abc7ed82901712888c2408fb667	Prokaryota	lineages
desulfurococcales_odb12	2025-05-14	054ca9f9a1b1257215b4a4ecbf5ec34a	Prokaryota	lineages
desulfuromonadales_odb10	2024-01-08	b6aad868c8158fc9f92f7c7969e6bd65	Prokaryota	lineages
desulfuromonadales_odb12	2025-05-14	e77c57415cb0697971fb13ce3b88a7fe	Prokaryota	lineages
devosia_odb12	2025-05-14	10ce471a508b472296ed5aaf7fbee193	Prokaryota	lineages
diptera_odb10	2024-01-08	da520a013d41c04d92a4b18b59803628	Eukaryota	lineages
diptera_odb12	2025-07-01	4a9e9d26289f617237f502497aa1322d	Eukaryota	lineages
dothideomycetes_odb10	2024-01-08	f3b8e2745f0d1cca41d9d4c171b1e70e	Eukaryota	lineages
dothideomycetes_odb12	2025-07-01	15d609c78e92db7abc80c10a2c70c243	Eukaryota	lineages
drosophila_odb12	2025-07-01	3a508a7e203bed064c680e484a26f8de	Eukaryota	lineages
drosophilidae_odb12	2025-07-01	dfca56cb3bf896a98b3574ae4bde2c4d	Eukaryota	lineages
dysgonomonas_odb12	2025-05-14	dc3ddaf125ee745b4ef117a15aa61bc0	Prokaryota	lineages
ectothiorhodospiraceae_odb12	2025-05-14	6d47723e6fc6db6ddb17e815d534a131	Prokaryota	lineages
eggerthellaceae_odb12	2025-05-14	f4e806351222221225745322b74625e7	Prokaryota	lineages
embryophyta_odb10	2024-01-08	7d4e9894b0727223f8ef24cf05b7a71d	Eukaryota	lineages
embryophyta_odb12	2025-07-01	c38685aa24382e16e77ce5c2a2238dbe	Eukaryota	lineages
endopterygota_odb10	2024-01-08	fd7f8c8e521f96c0d273c1b25ef262ea	Eukaryota	lineages
endopterygota_odb12	2025-07-01	631d8d3b4638ee5f9b14749f6c03388c	Eukaryota	lineages
enquatrovirus_odb10	2024-01-08	f6c05f3de730a09cc7eaf58bcc50636c	Virus	lineages
enterobacterales_odb10	2024-01-08	989af5b1fe5e6b7ff7692511a412c1f6	Prokaryota	lineages
enterobacterales_odb12	2025-05-14	91840317c11a97270ee33308c0200862	Prokaryota	lineages
enterobacteriaceae_odb12	2025-05-14	1173a21ca94944fb03cc1c20aa3907e5	Prokaryota	lineages
enterobacter_odb12	2025-05-14	4c8b9bb428214ee078491f1574f88717	Prokaryota	lineages
enterococcaceae_odb12	2025-05-14	929d0a53c514d9f9b673de4ff47d539a	Prokaryota	lineages
enterococcus_odb12	2025-05-14	9d1dbf52a4e22ac52f3186da459d1c90	Prokaryota	lineages
entomoplasmatales_odb10	2024-01-08	65893ded2df1ffc7bf4cc8abce3a858a	Prokaryota	lineages
entomoplasmatales_odb12	2025-05-14	e84cfca4e8c588ee1246dcc5dab859dd	Prokaryota	lineages
epsilonproteobacteria_odb10	2024-01-08	b0eaa68282aab72d8a2447da767219da	Prokaryota	lineages
erwiniaceae_odb12	2025-05-14	781bdb398557dce867f48207382a8aaf	Prokaryota	lineages
erwinia_odb12	2025-05-14	cacecceff72b9e68aab423d36d1a39e3	Prokaryota	lineages
erysipelotrichaceae_odb12	2025-05-14	6d4dbd2c283ba8095878205aaa4aa36f	Prokaryota	lineages
erythrobacteraceae_odb12	2025-05-14	6d87a1934f6bd84435e41c5dcc1e9d67	Prokaryota	lineages
erythrobacter_odb12	2025-05-14	69c13eaf37074468250ad10b71d7e0c1	Prokaryota	lineages
euarchontoglires_odb10	2024-01-08	4f6b07a49e990f1a821db285f808f7a7	Eukaryota	lineages
euarchontoglires_odb12	2025-07-01	bf1e510b4385f6f14a043f72927ddbe8	Eukaryota	lineages
eubacteriaceae_odb12	2025-05-14	6d6b6dd774747edf5ed029796d3b8041	Prokaryota	lineages
eubacteriales_odb12	2025-05-14	c05ec2aa978f1451a3d6f58e4098b9b0	Prokaryota	lineages
eudicots_odb10	2024-01-08	38ece5baf0523143fc6594030bca4487	Eukaryota	lineages
eudicotyledons_odb12	2025-07-01	052e731c48e58c6acdbcddc48889ebf9	Eukaryota	lineages
euglenozoa_odb10	2024-01-08	2422e36739d888b5400211e128442e6f	Eukaryota	lineages
euglenozoa_odb12	2025-07-01	6bb6ea8d711d694c1a26eb46a864712b	Eukaryota	lineages
eukaryota_odb10	2024-01-08	93e2a6ec05708dbf0f23db078b88c5a8	Eukaryota	lineages
eukaryota_odb12	2025-07-01	609623cb32225c0856f3546afcd070f5	Eukaryota	lineages
eurotiales_odb10	2024-01-08	476a061e592590139598c5ed610d1883	Eukaryota	lineages
eurotiales_odb12	2025-07-01	454319e424c6fc3f3b120789efc07301	Eukaryota	lineages
eurotiomycetes_odb10	2024-01-08	077c5b9805d1bd69772851e7a3ef7e2f	Eukaryota	lineages
eurotiomycetes_odb12	2025-07-01	18170b8df89f57a675400713287bfa86	Eukaryota	lineages
euryarchaeota_odb10	2024-01-08	152262b6845431b05feb15919745af78	Prokaryota	lineages
euryarchaeota_odb12	2025-05-14	7cc38159c856f006c0fdda0863e9d264	Prokaryota	lineages
eutheria_odb10	2024-01-08	2a3b171b152e781d8b905fb1861b701a	Eukaryota	lineages
eutheria_odb12	2025-07-01	766ab2d1061fe6784a04d489c3b350ec	Eukaryota	lineages
exiguobacterium_odb12	2025-05-14	323fd10f9b6346ab587e385e24014c65	Prokaryota	lineages
fabales_odb10	2024-01-08	b830d5061c0edd67d49a69800ac58598	Eukaryota	lineages
fabales_odb12	2025-07-01	7ebd2818fea9097105ffab0129b2978f	Eukaryota	lineages
firmicutes_odb10	2024-01-08	4610a6bc81861850b4d8fc3b33fa7a5c	Prokaryota	lineages
flavobacteriales_odb10	2024-01-08	d8514f1c520e2fe1f3c7d36906f895c4	Prokaryota	lineages
flavobacteriia_odb10	2024-01-08	d4bead34b6d89f0a3e36b5250941726d	Prokaryota	lineages
flavobacteriia_odb12	2025-05-14	433e9a1e99b927e4118a5d12bd36a414	Prokaryota	lineages
flavobacterium_odb12	2025-05-14	8a7435b9ab8ca1eb55eb54e69e834d51	Prokaryota	lineages
formicidae_odb12	2025-07-01	7c84cd552db750540ef8858e4d575e29	Eukaryota	lineages
francisellaceae_odb12	2025-05-14	c905cebac9d3bdac782cd28c8db55fb6	Prokaryota	lineages
frankia_odb12	2025-05-14	5c913268eeb46520bc18ff4503a9e227	Prokaryota	lineages
fromanvirus_odb10	2024-01-08	48f5b7b57afa387315c9e006410f55b9	Virus	lineages
fungi_odb10	2024-01-08	d389cb627ded374b47db05630191494e	Eukaryota	lineages
fungi_odb12	2025-07-01	d194afb3a32b2d4c83bb32e5a393ffb6	Eukaryota	lineages
fusobacteriaceae_odb12	2025-05-14	bba40ce593372448f998101f032bc4b7	Prokaryota	lineages
fusobacteriales_odb10	2024-01-08	c25c6d2e434d2ad8f91f6d5bccce30a5	Prokaryota	lineages
fusobacteria_odb10	2024-01-08	4e249141ccd9f730e52d386f2b9c0185	Prokaryota	lineages
fusobacteriota_odb12	2025-05-14	d8f24e9295870df8561ddaaaec0a8ebd	Prokaryota	lineages
fusobacterium_odb12	2025-05-14	5c66bd214715f43935d5125b87667989	Prokaryota	lineages
galloanserae_odb12	2025-07-01	f27968eb74b57241dfe562d00eb0b107	Eukaryota	lineages
gammaherpesvirinae_odb10	2024-01-08	da764ed072f3fb78cae2ff7e90868a9f	Virus	lineages
gammaproteobacteria_odb10	2024-01-08	5ade21bee041306a5a12a4c2047d978d	Prokaryota	lineages
gammaproteobacteria_odb12	2025-05-14	c4c609067eca48330834e99940d5b371	Prokaryota	lineages
geobacteraceae_odb12	2025-05-14	b877696ce93dec109f55a95502754215	Prokaryota	lineages
geobacter_odb12	2025-05-14	02646f5c0a297c8bba292fe3c74193bc	Prokaryota	lineages
glires_odb10	2024-01-08	e556d8cd17fc9ed1ee6ffd1275809268	Eukaryota	lineages
glires_odb12	2025-07-01	8df91a8217a7be70f60c298329d452cb	Eukaryota	lineages
glomerellales_odb10	2024-01-08	d1de6bb04a0d4ed8c816dbb62586faff	Eukaryota	lineages
glomerellales_odb12	2025-07-01	3a8b8adb0ef9cac773d71ce29aac8eae	Eukaryota	lineages
gordonia_odb12	2025-05-14	4185515db45f9b9faaef7e6c74bc8067	Prokaryota	lineages
guernseyvirinae_odb10	2024-01-08	484f59b9efc120c118fae2e6c178ffaa	Virus	lineages
haloarculaceae_odb12	2025-05-14	ca4abfb7e485e8da1f2dc3d0fb73e3f5	Prokaryota	lineages
haloarcula_odb12	2025-05-14	53639d31b19bc6e0f6bb04634f7c6f83	Prokaryota	lineages
halobacteriaceae_odb12	2025-05-14	f8ff9e3e757db65d5a3038f313d626c5	Prokaryota	lineages
halobacteriales_odb10	2024-01-08	79b455d2fe7a132673d7e40a3d123370	Prokaryota	lineages
halobacteriales_odb12	2025-05-14	0e148552261e5f33d09191d20a660799	Prokaryota	lineages
halobacteria_odb10	2024-01-08	0b1efa4df56adb7423df34505c1c7814	Prokaryota	lineages
halobacteria_odb12	2025-05-14	27e02c938b0f28531ae7bd2adc62a2d5	Prokaryota	lineages
haloferacaceae_odb12	2025-05-14	14757d76dea5a93ab4570a10430ea02a	Prokaryota	lineages
haloferacales_odb10	2024-01-08	99e1945897e61256586c478dd8678cdc	Prokaryota	lineages
haloferacales_odb12	2025-05-14	eb2721faeb945e06655643f44bf49cd2	Prokaryota	lineages
haloferax_odb12	2025-05-14	c3699d949609b8f2d97c54fd79b5214a	Prokaryota	lineages
halomonadaceae_odb12	2025-05-14	5f7be9209235ed829bd27890db1962fd	Prokaryota	lineages
halomonas_odb12	2025-05-14	37bf4e264aeea376e51405f8826d4e9d	Prokaryota	lineages
halorubrum_odb12	2025-05-14	590c7c0a3e5c41aced98f1e30944cd8e	Prokaryota	lineages
haloterrigena_odb12	2025-05-14	e5d6ad155207f5d0842b2807b46c9a6e	Prokaryota	lineages
helotiales_odb10	2024-01-08	68b7b6ae8f5f933a282000711e163a3a	Eukaryota	lineages
helotiales_odb12	2025-07-01	65ad21e3994675184c746850183fa83f	Eukaryota	lineages
hemiptera_odb10	2024-01-08	02bc28602cd3ec17f3b3bda43e3a2888	Eukaryota	lineages
hemiptera_odb12	2025-07-01	1c16657a07a65383e39085ac9b121b7e	Eukaryota	lineages
herbaspirillum_odb12	2025-05-14	9207557d121e231ebd69d2977443346e	Prokaryota	lineages
herpesviridae_odb10	2024-01-08	79856510300f9379e518cc8180ad14fb	Virus	lineages
hexapoda_odb12	2025-07-01	043c9dd0c638495666ec6b1fe0224b55	Eukaryota	lineages
hymenobacteraceae_odb12	2025-05-14	916e62be3251e282cc30623d43711cff	Prokaryota	lineages
hymenobacter_odb12	2025-05-14	9b3f136be2f1c4831b0225c17fad55bb	Prokaryota	lineages
hymenoptera_odb10	2024-01-08	9d10047e5500f51c48104c9784baf6e5	Eukaryota	lineages
hymenoptera_odb12	2025-07-01	9e31dd2f1b03792fe441d7581b004704	Eukaryota	lineages
hyphomicrobiaceae_odb12	2025-05-14	007bda7e48a7b7f26876e4cf0687f828	Prokaryota	lineages
hyphomicrobiales_odb12	2025-05-14	9b34fc7bf021529bc813a7d6ca217ef4	Prokaryota	lineages
hyphomicrobium_odb12	2025-05-14	45ec7b6f59ab88a1f0c6fafb0f9b5d38	Prokaryota	lineages
hyphomonadaceae_odb12	2025-05-14	55fa30f9e9d20cbae7d74cf8eca57a8b	Prokaryota	lineages
hyphomonas_odb12	2025-05-14	af6f6f7cf7e7ce3e4867b2c707a0274e	Prokaryota	lineages
hypocreaceae_odb12	2025-07-01	6b705e31ee0da9f41ff254d332f0b10c	Eukaryota	lineages
hypocreales_odb10	2024-01-08	2f85af3da8d3e9b20daf47c924ad4385	Eukaryota	lineages
hypocreales_odb12	2025-07-01	64749e85ebad78d1d4f78701abe63961	Eukaryota	lineages
idiomarina_odb12	2025-05-14	7f2d41c238951564c78f1b2b4cf82b37	Prokaryota	lineages
insecta_odb10	2024-01-08	fe5d4360ef9829c3c663acab4fe1f1da	Eukaryota	lineages
insecta_odb12	2025-07-01	95a28de9598bbaf1b85406057bcf8275	Eukaryota	lineages
intrasporangiaceae_odb12	2025-05-14	01c7a65e211576edaff079cd4f3df708	Prokaryota	lineages
iridoviridae_odb10	2024-01-08	3b3e67bb85d616fd874b26479d6abaea	Virus	lineages
jannaschia_odb12	2025-05-14	32c9f835e8f104ad636debe0a653f583	Prokaryota	lineages
janthinobacterium_odb12	2025-05-14	5e8382e4ef309baed5aac58c8ef09ae2	Prokaryota	lineages
kitasatosporales_odb12	2025-05-14	00ef8707a7043a8d7dcb7f22683fe5dd	Prokaryota	lineages
kitasatospora_odb12	2025-05-14	5c330964b768b0cf8207d1984af7baf1	Prokaryota	lineages
kocuria_odb12	2025-05-14	634a51fd905faeb45305b016610f8bc6	Prokaryota	lineages
labrenzia_odb12	2025-05-14	7f140e959379d0f24763958cdba55a6c	Prokaryota	lineages
lachnoclostridium_odb12	2025-05-14	801817425768ac953e5b2e8270283e28	Prokaryota	lineages
lachnospiraceae_odb12	2025-05-14	43dc3dcad5e01b40cd636859a488a7d3	Prokaryota	lineages
lactobacillaceae_odb12	2025-05-14	743c4c6f8878609bec5dd1f15ab0e902	Prokaryota	lineages
lactobacillales_odb10	2024-01-08	1377e13f55575410373f78d984e6d49b	Prokaryota	lineages
lactobacillales_odb12	2025-05-14	161b298246b1f6e1e2361b0dbe8460fc	Prokaryota	lineages
lactobacillus_odb12	2025-05-14	6d81bd025597363a57f983d0062c8634	Prokaryota	lineages
lamiales_odb12	2025-07-01	5219012043a3f93255b2dd7be8b85274	Eukaryota	lineages
laurasiatheria_odb10	2024-01-08	4b69d3754077ee8a121ff4c1a814038b	Eukaryota	lineages
laurasiatheria_odb12	2025-07-01	4aae60033e8f4c536b987ded9fca4b6b	Eukaryota	lineages
legionellaceae_odb12	2025-05-14	6638a1b0bc88fa171c4efc96648e6359	Prokaryota	lineages
legionellales_odb10	2024-01-08	0432b6cbcce14bcf292ae8fd01202f81	Prokaryota	lineages
legionellales_odb12	2025-05-14	60e2b4fb18b603d7a694cf8923a7ad57	Prokaryota	lineages
leifsonia_odb12	2025-05-14	210e37411f9571182920c6d176b9d93b	Prokaryota	lineages
leishmaniinae_odb12	2025-07-01	dca76f0f459c83b427ac7962c0e9885e	Eukaryota	lineages
leotiomycetes_odb10	2024-01-08	7c6ef2d12e2c7529097ac033b46f43df	Eukaryota	lineages
leotiomycetes_odb12	2025-07-01	beafe01a80971ee41b259bc6fcc35bdc	Eukaryota	lineages
lepidoptera_odb10	2024-01-08	4ad4f7c458c170c0b3245712b4e1cf1e	Eukaryota	lineages
lepidoptera_odb12	2025-07-01	7cc78f8039f374d7b9040eb6a93e8075	Eukaryota	lineages
leptolyngbya_odb12	2025-05-14	c3549aebd19b476c0b24dfa192c8b583	Prokaryota	lineages
leptospiraceae_odb12	2025-05-14	15d826782660549b9c9dbf7e2f8858ec	Prokaryota	lineages
leptotrichia_odb12	2025-05-14	f6708cf298974a67e581a97eccee0988	Prokaryota	lineages
leucobacter_odb12	2025-05-14	b5492a52583ed15ac8c96031fa02ffaa	Prokaryota	lineages
liliopsida_odb10	2024-01-08	154552d116896e02c282a7d91791cb7d	Eukaryota	lineages
liliopsida_odb12	2025-07-01	5b0be4882b05ecd112dc4676288d3dee	Eukaryota	lineages
lineages_list.txt	2025-04-09	f436ce67a7bae511520e5e6ce6631d2d	NaN	information
listeriaceae_odb12	2025-05-14	d06aa6008f86a0cb557d09014361c513	Prokaryota	lineages
listeria_odb12	2025-05-14	693dd578ceb3e9d90b6e4f9ab3732a14	Prokaryota	lineages
list_of_reference_markers.archaea_odb10.txt	2019-12-16	0143477e3666a5bcdec26a826eb01ab4	Prokaryota	placement_files
list_of_reference_markers.archaea_odb12.txt	2024-11-15	5572799d96b770a21cb4be3f79f5b724	Prokaryota	placement_files
list_of_reference_markers.bacteria_odb10.txt	2019-12-16	e82a39f3060123f4322057c632d7691c	Prokaryota	placement_files
list_of_reference_markers.bacteria_odb12.txt	2024-11-15	39bdd2903972116c6ea5950fbfa46479	Prokaryota	placement_files
list_of_reference_markers.eukaryota_odb10.txt	2019-12-16	95a02d2bbe1659778bda594d59c90ee1	Eukaryota	placement_files
list_of_reference_markers.eukaryota_odb12.txt	2025-01-15	4496a19a64421b65804e259ef2323b09	Eukaryota	placement_files
loktanella_odb12	2025-05-14	c56e8377087432e7b71f5007c6f6b52d	Prokaryota	lineages
lophotrochozoa_odb12	2025-07-01	02f11f9a89ce0997d4f03f8801382b3e	Eukaryota	lineages
luteimonas_odb12	2025-05-14	ad6998f2475a236744b6ad803372693a	Prokaryota	lineages
lysinibacillus_odb12	2025-05-14	80586f8c987e325a817804185fd7df62	Prokaryota	lineages
lysobacter_odb12	2025-05-14	9876f2b637c3dafc762febe8ed518893	Prokaryota	lineages
malpighiales_odb12	2025-07-01	61f09585c027032426dc10246c92aaac	Eukaryota	lineages
mammalia_odb10	2024-01-08	5e1b55c306640771a7700d36ae67e1e2	Eukaryota	lineages
mammalia_odb12	2025-07-01	fedb130baa8a539f5f3f9085059cae8d	Eukaryota	lineages
mapping_taxid-lineage.archaea_odb10.txt	2019-12-16	5a05ab8eb491f6d4ae9f7774fd778f7e	Prokaryota	placement_files
mapping_taxid-lineage.archaea_odb12.txt	2024-11-15	17fb815e15f4c168e6801c2fdbfd1f7f	Prokaryota	placement_files
mapping_taxid-lineage.bacteria_odb10.txt	2019-12-16	b25a5a807f4ff70f4343ef7500d26975	Prokaryota	placement_files
mapping_taxid-lineage.bacteria_odb12.txt	2024-11-15	d69b5a7085199ea00592da16b82151a7	Prokaryota	placement_files
mapping_taxid-lineage.eukaryota_odb10.txt	2019-12-16	e5b047a09cee36f1116f7de1453276b4	Eukaryota	placement_files
mapping_taxid-lineage.eukaryota_odb12.txt	2025-01-15	8c03ff1d3f80175945b31106040e6110	Eukaryota	placement_files
mapping_taxids-busco_dataset_name.archaea_odb10.txt	2019-12-16	d8cc75b75e052e475e07d84cb4d8cd06	Prokaryota	placement_files
mapping_taxids-busco_dataset_name.archaea_odb12.txt	2024-11-15	2396f45b3acc6bc97a742b1da95e5d43	Prokaryota	placement_files
mapping_taxids-busco_dataset_name.bacteria_odb10.txt	2019-12-16	79514724345b6cae32bb05ecacc11386	Prokaryota	placement_files
mapping_taxids-busco_dataset_name.bacteria_odb12.txt	2024-11-15	07202b73b2e9ea62092b97895b987828	Prokaryota	placement_files
mapping_taxids-busco_dataset_name.eukaryota_odb10.txt	2019-12-16	435492f974732bb2d562d5abe54bd494	Eukaryota	placement_files
mapping_taxids-busco_dataset_name.eukaryota_odb12.txt	2025-01-15	454f1b676af58b73b519803bac10c691	Eukaryota	placement_files
maribacter_odb12	2025-05-14	09a801d3a41c8c15ca8fd71e455941d7	Prokaryota	lineages
marinobacterium_odb12	2025-05-14	b6b8a8c7a92a41e8545aea9a9fa28854	Prokaryota	lineages
marinobacter_odb12	2025-05-14	4fd39659b563e9cb8151f801f824cdcc	Prokaryota	lineages
marinomonas_odb12	2025-05-14	583a2028ea7c0ccb1b5c19060c95174f	Prokaryota	lineages
massilia_odb12	2025-05-14	50f0abc9e9e74cd07cab2046c47cdaef	Prokaryota	lineages
megasphaera_odb12	2025-05-14	47810c14a2e775e3e01a8640ef347f88	Prokaryota	lineages
meiothermus_odb12	2025-05-14	620ba4ba69eb63a48449967ad8d087a8	Prokaryota	lineages
mesorhizobium_odb12	2025-05-14	053d5e82a18f621a4afe5877fcc273fb	Prokaryota	lineages
metazoa_odb10	2024-01-08	3372747bddabccabfdc291fcd4114899	Eukaryota	lineages
metazoa_odb12	2025-07-01	ee0969fc6e8ab34577849e4bbd64a563	Eukaryota	lineages
methanobacteria_odb10	2024-01-08	36df24c0adf12f76fbd7d26ce417b2c1	Prokaryota	lineages
methanobacteria_odb12	2025-05-14	113917e90f414e0700712b7500686c7b	Prokaryota	lineages
methanobacterium_odb12	2025-05-14	ad1acdbab86b3807a56b52312cb8ff71	Prokaryota	lineages
methanobrevibacter_odb12	2025-05-14	1f6964e189159de2b0567f8ef0d494ac	Prokaryota	lineages
methanococcaceae_odb12	2025-05-14	63fbcd12b1e7272c0234823fca4e4584	Prokaryota	lineages
methanococcales_odb10	2024-01-08	bfb1b8d0781c6d55bc89fa4fd84f5a1d	Prokaryota	lineages
methanococcales_odb12	2025-05-14	cda6c692f9f0d5476e9379c2a5f1a25c	Prokaryota	lineages
methanomicrobiaceae_odb12	2025-05-14	988af28bd961ea7536c1563aec78a464	Prokaryota	lineages
methanomicrobiales_odb10	2024-01-08	4b210069ed2c656fd1f60b55d35a70ad	Prokaryota	lineages
methanomicrobiales_odb12	2025-05-14	ce2db6788bb763f05025349b6db2c917	Prokaryota	lineages
methanomicrobia_odb10	2024-01-08	2e63c7dfddb70829fd1d3ed87d30611f	Prokaryota	lineages
methanomicrobia_odb12	2025-05-14	6be5adae8490091f8420c6b0db52d15d	Prokaryota	lineages
methanosarcinaceae_odb12	2025-05-14	44f6036ecd0dd12f24f7446b32847a14	Prokaryota	lineages
methanosarcina_odb12	2025-05-14	2586cbd8b8935f40efa0d09f9c0e8811	Prokaryota	lineages
methylobacteriaceae_odb12	2025-05-14	da92ad8debd8f68b10d84c6164bf8149	Prokaryota	lineages
methylobacterium_odb12	2025-05-14	4a54e80e5021b3ae9baa4ace5dc727bd	Prokaryota	lineages
methylococcaceae_odb12	2025-05-14	acb5fa5f710383b47226249616c313aa	Prokaryota	lineages
methylophilaceae_odb12	2025-05-14	6077a76765aa532f19a38d9259f03d88	Prokaryota	lineages
microbacteriaceae_odb12	2025-05-14	c8faf2541d32c857d3304a41e5296543	Prokaryota	lineages
microbacterium_odb12	2025-05-14	85aaf1bb14dd73bb50f0a74c88645461	Prokaryota	lineages
microbotryomycetes_odb12	2025-07-01	e5ce02c3d0f83fead402e5d8925c2e52	Eukaryota	lineages
micrococcaceae_odb12	2025-05-14	cfc96994595663d9872ba0e6cf5054b7	Prokaryota	lineages
micrococcales_odb10	2024-01-08	fdb78019a92964e96b4745defaafc1c4	Prokaryota	lineages
micrococcales_odb12	2025-05-14	ea658593fee447e45a4f5a5f57f9309d	Prokaryota	lineages
micromonosporaceae_odb12	2025-05-14	b89e270a9a20ca778eec2503ff0e4038	Prokaryota	lineages
microsporidia_odb10	2024-01-08	c6c96c9fddc451b403ba83630506101e	Eukaryota	lineages
microsporidia_odb12	2025-07-01	a3417fd3dd21b1ee8b2062454cad2f6b	Eukaryota	lineages
mollicutes_odb10	2024-01-08	893e2e596fe937d72b92b81700d5b3e4	Prokaryota	lineages
mollusca_odb10	2024-01-08	d35dfcd38630fb8cb15c646c2482835b	Eukaryota	lineages
mollusca_odb12	2025-07-01	6f4e1d2f2275ff9bf7b410095c1cb55d	Eukaryota	lineages
moraxellaceae_odb12	2025-05-14	e7b04ae8cbcb6ce7a0c08a1047408726	Prokaryota	lineages
moraxella_odb12	2025-05-14	bf3a22d4d8bc5fd9e42276cce2387c9d	Prokaryota	lineages
morganellaceae_odb12	2025-05-14	0e5395b39d83c0e0615633279fe56b07	Prokaryota	lineages
mucorales_odb10	2024-01-08	3cc5cf5b74b429aad5d62704a041c355	Eukaryota	lineages
mucorales_odb12	2025-07-01	3e7aefa246b3bdf8a903e98a4e9f4280	Eukaryota	lineages
mucoromycota_odb10	2024-01-08	4210498ca504de64e5c9818c8f64962a	Eukaryota	lineages
mucoromycota_odb12	2025-07-01	c325ea3dfbed45fe63c68297b6e789bd	Eukaryota	lineages
mycobacteriaceae_odb12	2025-05-14	aae54e130cb105ce90fcf461760457a1	Prokaryota	lineages
mycobacteriales_odb12	2025-05-14	cdbac3163d17d2a6842e44235c386c08	Prokaryota	lineages
mycobacterium_odb12	2025-05-14	eb2650ffc3eb9e0894247c90f47e2caa	Prokaryota	lineages
mycolicibacterium_odb12	2025-05-14	a99c819b87d904ff750332b5304b02aa	Prokaryota	lineages
mycoplasma_odb12	2025-05-14	350a6877310dd5090430c0929362905d	Prokaryota	lineages
mycoplasmatales_odb10	2024-01-08	36cd7fda07a206d9db3ce0c97cdc0025	Prokaryota	lineages
mycoplasmatales_odb12	2025-05-14	1427e1c6447c0ef5f5c45de6e84c024c	Prokaryota	lineages
mycoplasmatota_odb12	2025-05-14	ab18c6df237694b280201fe5a3561081	Prokaryota	lineages
mycosphaerellaceae_odb12	2025-07-01	1b295e6d9785c3f16cac85e5cd19e04b	Eukaryota	lineages
natrialbaceae_odb12	2025-05-14	7f7495e417048679ebd3c39ac0970a91	Prokaryota	lineages
natrialbales_odb10	2024-01-08	efa92043b2440ada26425919f875349a	Prokaryota	lineages
natrialbales_odb12	2025-05-14	ca4bd323fce3b40583e46e706acc701a	Prokaryota	lineages
natrinema_odb12	2025-05-14	e4eefb567758bf499ed5e5bdcca91502	Prokaryota	lineages
nectriaceae_odb12	2025-07-01	828e83dde4c0532d3739b76f209b93e7	Eukaryota	lineages
neisseriales_odb10	2024-01-08	b829a1f5314ebf1f949af4f0e28de0e2	Prokaryota	lineages
neisseriales_odb12	2025-05-14	7781ea024b7b7f9a8848a6f6dfa7116f	Prokaryota	lineages
neisseria_odb12	2025-05-14	605a4d3b326fcec9e702dbab584935e9	Prokaryota	lineages
nematocera_odb12	2025-07-01	37f62433f732cb1f7505b91f0a1a8fb0	Eukaryota	lineages
nematoda_odb10	2024-01-08	ec87bb045e2a81868518b1071029d759	Eukaryota	lineages
nematoda_odb12	2025-07-01	806dd3c64e043592194cccc428f0d4e5	Eukaryota	lineages
nitrobacteraceae_odb12	2025-05-14	f8623bfec6e2f12f91b2d351ae07f0cf	Prokaryota	lineages
nitrosomonadales_odb10	2024-01-08	5877c85915cbb39a3cf66c9b8c296cf8	Prokaryota	lineages
nitrosomonadales_odb12	2025-05-14	2e0ce0e0b74f6c8564e1769b763abcac	Prokaryota	lineages
nitrosomonas_odb12	2025-05-14	bbc64cd4eab625c8cec345cec94ad52d	Prokaryota	lineages
nitrosopumilales_odb12	2025-05-14	0c65956a468db816283387f37b946789	Prokaryota	lineages
nitrosopumilus_odb12	2025-05-14	e87ccc2b71ff8d06d7208475da862ef6	Prokaryota	lineages
nitrososphaerota_odb12	2025-05-14	8829d52874f0cb610e169b04c4929013	Prokaryota	lineages
nocardiaceae_odb12	2025-05-14	28a24cd7ea217513043a11a3f5a307e7	Prokaryota	lineages
nocardia_odb12	2025-05-14	29b035dbe689d18014bcc5821aa32397	Prokaryota	lineages
nocardioides_odb12	2025-05-14	2b19e1f151fc7623c620c9cb08459639	Prokaryota	lineages
nocardiopsaceae_odb12	2025-05-14	676a1238477d85adb3c66d5893792397	Prokaryota	lineages
nocardiopsis_odb12	2025-05-14	12047e73f66cb26b90e376318ad8d0e9	Prokaryota	lineages
nonlabens_odb12	2025-05-14	f3f2d79a56e6674617a0378719cac46c	Prokaryota	lineages
nostocales_odb10	2024-01-08	2564ddc82836e0d1164d8ab43a78b68a	Prokaryota	lineages
nostocales_odb12	2025-05-14	27fa98cee9edbdf1c9c110cd44ec83f7	Prokaryota	lineages
nostoc_odb12	2025-05-14	0b9a61f02947f07ff34f088998fc165d	Prokaryota	lineages
novosphingobium_odb12	2025-05-14	52fc43aca76d1f9731693dadd856e54a	Prokaryota	lineages
oceanobacillus_odb12	2025-05-14	ca40db82c688489df612ef91306d8e01	Prokaryota	lineages
oceanospirillaceae_odb12	2025-05-14	215878e8b73579e000a0f58a7d606fb3	Prokaryota	lineages
oceanospirillales_odb10	2024-01-08	68600b75c362f9fe8ff2811d141e9cc0	Prokaryota	lineages
oceanospirillales_odb12	2025-05-14	dcc3c6f599253bb37cdbaac7b2cd7818	Prokaryota	lineages
olsenella_odb12	2025-05-14	b528cfe5b994b410c558967a82f3a148	Prokaryota	lineages
onygenales_odb10	2024-01-08	6e6b4e1334bb077295ae799c20b38c85	Eukaryota	lineages
onygenales_odb12	2025-07-01	dac7e989c2329a7bddba9584baa46e78	Eukaryota	lineages
oomycota_odb12	2025-07-01	3a225efb39f6c66daf365207e82a3e5f	Eukaryota	lineages
ophiocordycipitaceae_odb12	2025-07-01	f6bfdab92345cb6e7fd965b236fb7095	Eukaryota	lineages
oscillatoriales_odb10	2024-01-08	58987c4c5fff2c82d473a26c40c6b661	Prokaryota	lineages
oscillatoriales_odb12	2025-05-14	3d68136f09424406565b53aca0f8d03f	Prokaryota	lineages
oxalobacteraceae_odb12	2025-05-14	70ee184c4f7a139a8f4ca707b325bd77	Prokaryota	lineages
paenibacillaceae_odb12	2025-05-14	bb6bd770abeabe72ca96456e8f89a74f	Prokaryota	lineages
paenibacillus_odb12	2025-05-14	b3bb8437593e6e8ac14e7aca1d8151af	Prokaryota	lineages
pahexavirus_odb10	2024-01-08	3b1410a4b594471e05c0b4d466e3173b	Virus	lineages
pandoraea_odb12	2025-05-14	1fc5a6205281535ccc85958f5502dd13	Prokaryota	lineages
pantoea_odb12	2025-05-14	9e0a238925349b46e332217d577a5491	Prokaryota	lineages
papilionoidea_odb12	2025-07-01	d80a66c828f56b60e17eb8dfd62f5cba	Eukaryota	lineages
paraburkholderia_odb12	2025-05-14	ed5f75c664dad92eea6337f3b12e09a8	Prokaryota	lineages
paracoccaceae_odb12	2025-05-14	94780f295f09f32b3ef83f2e39898a70	Prokaryota	lineages
paracoccus_odb12	2025-05-14	c4c71f79aa288b4d8f6e55b4f832afda	Prokaryota	lineages
passeriformes_odb10	2024-01-08	41e0a9cbc2c93aa4fd5cd3e8c2876b56	Eukaryota	lineages
passeriformes_odb12	2025-07-01	9d929307ec03c4d58ebce2a7ee40af0c	Eukaryota	lineages
pasteurellales_odb10	2024-01-08	d9d0d1500ddc1c79f705ea58d233aff8	Prokaryota	lineages
pasteurellales_odb12	2025-05-14	1d5b690380e184ecdcc64c69f31aa97e	Prokaryota	lineages
pectobacteriaceae_odb12	2025-05-14	5a9e9e7803eccc7d5be6af1a9114155b	Prokaryota	lineages
pectobacterium_odb12	2025-05-14	9cee950fbeb9541126261b33069ec054	Prokaryota	lineages
pediococcus_odb12	2025-05-14	49654bfb6fdde84d126da64ef8c94b1a	Prokaryota	lineages
pedobacter_odb12	2025-05-14	6581ce05f2af293900482db57ff78dec	Prokaryota	lineages
peduovirus_odb10	2024-01-08	660b6c8dae78bf76bddd9ba1be2c8bd9	Virus	lineages
pelagibacter_odb12	2025-05-14	a50ee459cf9bf0a05987f822b7b95230	Prokaryota	lineages
penicillium_odb12	2025-07-01	aee3528f775146cdfc21ef589f6fb9dc	Eukaryota	lineages
peptococcaceae_odb12	2025-05-14	6fe45a6e88256201bef4923a50e58595	Prokaryota	lineages
peptoniphilus_odb12	2025-05-14	a4e4f368838f93c68e78aa2a74a2b385	Prokaryota	lineages
peptostreptococcaceae_odb12	2025-05-14	541e43f4bc3cdc170a65a51d6bb5b1bf	Prokaryota	lineages
phaeobacter_odb12	2025-05-14	013acb5a5ce203d646a0129fe0fcfeb8	Prokaryota	lineages
photobacterium_odb12	2025-05-14	0f97acc5c55a1ac371450e44b147d3b8	Prokaryota	lineages
phyllobacteriaceae_odb12	2025-05-14	532340dd373df57489ea2d46db30196e	Prokaryota	lineages
phytophthora_odb12	2025-07-01	2deb8fcc0b582839c978984d33bbcbb7	Eukaryota	lineages
phytoplasma_odb12	2025-05-14	7cce9895ae8def376fb92f171f3bc421	Prokaryota	lineages
pichiaceae_odb12	2025-07-01	e253f4b93b2c93c9bd10baa2e078f5de	Eukaryota	lineages
piroplasmida_odb12	2025-07-01	88c95b7a3411c4588d4aecaabe8765ae	Eukaryota	lineages
piscirickettsiaceae_odb12	2025-05-14	9ffd8681dc59bf8655abde37778a5231	Prokaryota	lineages
planctomycetaceae_odb12	2025-05-14	6208333653130bf2ad7cc3acb9efa811	Prokaryota	lineages
planctomycetes_odb10	2024-01-08	4779117e2b4f688e2bdf84faa5806294	Prokaryota	lineages
planctomycetota_odb12	2025-05-14	4a6fe1825dc2db2152c9f8f7dd018c98	Prokaryota	lineages
planococcaceae_odb12	2025-05-14	58370970bd62bcd84c5a4b35e11d21d8	Prokaryota	lineages
planococcus_odb12	2025-05-14	4c78cb6cd602b3a2904b1ad8dfe50083	Prokaryota	lineages
plasmodium_odb10	2024-01-08	dcc21aada8d28ab5caf7db5b13b19db6	Eukaryota	lineages
plasmodium_odb12	2025-07-01	6410abea648ea3b16b917273b4ad92e3	Eukaryota	lineages
pleosporaceae_odb12	2025-07-01	cfe05941093706b1fa99e2c4233a2e8d	Eukaryota	lineages
pleosporales_odb10	2024-01-08	724410708694d64cabc152f5d343a48b	Eukaryota	lineages
pleosporales_odb12	2025-07-01	5016b2b6c7f86638b2295b939e8677e9	Eukaryota	lineages
poales_odb10	2024-01-08	e816664c71d968404b2e0acc49d18a44	Eukaryota	lineages
poales_odb12	2025-07-01	f58caed0da43d7db22a953933eb6bd5b	Eukaryota	lineages
polaribacter_odb12	2025-05-14	e077c5c8f701c096354beeef7ca9c21c	Prokaryota	lineages
polyphaga_odb12	2025-07-01	c72c0efbcee1e68c5d90b8bf63c87546	Eukaryota	lineages
polyporaceae_odb12	2025-07-01	b5dbbc8544172e231808baaace40db2b	Eukaryota	lineages
polyporales_odb10	2024-01-08	27e685efdb0e3abe27c1b7635a07360d	Eukaryota	lineages
polyporales_odb12	2025-07-01	c103e59d85a1f5583842384f6415c460	Eukaryota	lineages
pontibacter_odb12	2025-05-14	18f25b16f75457104a653b9a04f74a38	Prokaryota	lineages
porphyrobacter_odb12	2025-05-14	8c4936a1eca72601657f09dec0cc191d	Prokaryota	lineages
porphyromonadaceae_odb12	2025-05-14	af5d2e391e59e191a8969e37d13c6a74	Prokaryota	lineages
poxviridae_odb10	2024-01-08	4cb2e71a92b2088a0a0b1f4ff20f94ef	Virus	lineages
prevotellaceae_odb12	2025-05-14	6b5be97fee1c42879ec852a72f02f14b	Prokaryota	lineages
primates_odb10	2024-01-08	321262a9dd0dcb01b92680e90ec6f344	Eukaryota	lineages
primates_odb12	2025-07-01	f52bd45bebaa7b4592623717d81ee556	Eukaryota	lineages
prochlorococcus_odb12	2025-05-14	bec0280bd1720577e2c2149687a86e0b	Prokaryota	lineages
propionibacteriaceae_odb12	2025-05-14	b5fdc463886cd2c9fff6e6546a00fefe	Prokaryota	lineages
propionibacteriales_odb10	2024-01-08	ec081179e55c395689bb9099dedeceb7	Prokaryota	lineages
propionibacteriales_odb12	2025-05-14	5d0e3a50da6afffab001d167f91e7a09	Prokaryota	lineages
proteobacteria_odb10	2024-01-08	6bb05a7389ee093cbd2bf9261ea4c608	Prokaryota	lineages
pseudeurotiaceae_odb12	2025-07-01	06b4cca104488d6fd0016d4003110db5	Eukaryota	lineages
pseudoalteromonas_odb12	2025-05-14	124e3e2274ae886282f120d316f363ba	Prokaryota	lineages
pseudomonadales_odb10	2024-01-08	b966b8bb3e542085dd4337ef5e692f83	Prokaryota	lineages
pseudomonadales_odb12	2025-05-14	bea40984c904c8879d783c116d79d5bb	Prokaryota	lineages
pseudomonadota_odb12	2025-05-14	754bbb6f641832435dc6eb731d86d656	Prokaryota	lineages
pseudomonas_odb12	2025-05-14	f7ae58e90476a3600f083b6cfcbe153e	Prokaryota	lineages
pseudonocardiaceae_odb12	2025-05-14	85158421c6fc1fc09b013cf8750260c3	Prokaryota	lineages
pseudonocardia_odb12	2025-05-14	a17ed017f60175a8f138f1dedd49c7e7	Prokaryota	lineages
pseudoxanthomonas_odb12	2025-05-14	c3b52829dcfb543e83dfc0464dd599dd	Prokaryota	lineages
psychrobacter_odb12	2025-05-14	819bdae08f59c749a900a2057333d5fe	Prokaryota	lineages
psychromonas_odb12	2025-05-14	ad192a291747bdec72a40ad9281334ed	Prokaryota	lineages
pucciniomycetes_odb12	2025-07-01	a3487d7bb8464ca6760207ef3070a108	Eukaryota	lineages
ralstonia_odb12	2025-05-14	a83562c517d15596cb62d657132e9003	Prokaryota	lineages
rhizobiaceae_odb12	2025-05-14	58a9283e95443385b996915d0ef1a105	Prokaryota	lineages
rhizobiales_odb10	2024-01-08	17f8d1d055dc8f4ff121cad29a86f200	Prokaryota	lineages
rhizobium-agrobacterium_group_odb10	2024-01-08	6bcf42ae66ea48608394b737d54cecfb	Prokaryota	lineages
rhizobium-agrobacterium_group_odb12	2025-05-14	51beb05093cd5e87b2242145abad63ef	Prokaryota	lineages
rhizobium_odb12	2025-05-14	b32e168b11ab62b41e82434521e94279	Prokaryota	lineages
rhodanobacteraceae_odb12	2025-05-14	1aa0d1f4d78134b32eb82c997f2ad4c0	Prokaryota	lineages
rhodobacterales_odb10	2024-01-08	95a00f9c488274d5eb2d00f20485741b	Prokaryota	lineages
rhodobacterales_odb12	2025-05-14	dfec2045205f300f54751a384e700795	Prokaryota	lineages
rhodobacter_odb12	2025-05-14	40196570dffaa395f0af1f844afb6f78	Prokaryota	lineages
rhodococcus_odb12	2025-05-14	8a43863b5812d7553e4dc9586f559188	Prokaryota	lineages
rhodophyta_odb12	2025-07-01	51bccd3bd57768e4a75b4a771b518d9c	Eukaryota	lineages
rhodopseudomonas_odb12	2025-05-14	88af21234eccfef24d1d62c83e1635b4	Prokaryota	lineages
rhodospirillaceae_odb12	2025-05-14	b2a68b9b34d4d6fd6cf4f5263313ebdf	Prokaryota	lineages
rhodospirillales_odb10	2024-01-08	0890d70c48d570c36a09abea2575cc6a	Prokaryota	lineages
rhodospirillales_odb12	2025-05-14	02b96db2de8584f13540fda1026e38ee	Prokaryota	lineages
rickettsiaceae_odb12	2025-05-14	3c9a7f591128e8456e349fbd572b9b28	Prokaryota	lineages
rickettsiales_odb10	2024-01-08	3a3c78aa761117f38cb9a43cd3fd3f64	Prokaryota	lineages
rickettsiales_odb12	2025-05-14	3a44209b7b363a5b468abff369c4dc1e	Prokaryota	lineages
rikenellaceae_odb12	2025-05-14	3a3494939f3d9cf2dd2ac2a9e755f1a9	Prokaryota	lineages
rodentia_odb12	2025-07-01	e00d57ef59fde5aef21f1807995bb60f	Eukaryota	lineages
rosaceae_odb12	2025-07-01	5c223d890dcd8c13923e74340f2a7d7c	Eukaryota	lineages
rosales_odb12	2025-07-01	23869f78a38d5265d8941f92a59e667d	Eukaryota	lineages
roseovarius_odb12	2025-05-14	df93b870476b9edf987d5518aeade0c4	Prokaryota	lineages
rudiviridae_odb10	2024-01-08	afad43502a74667304b97a39459700b4	Virus	lineages
ruegeria_odb12	2025-05-14	cfa3b23f2a53c59976fe3861a069b9f6	Prokaryota	lineages
ruminococcus_odb12	2025-05-14	93a1735e72f0a41aacd391af3b02599a	Prokaryota	lineages
saccharomycetaceae_odb12	2025-07-01	ba1a683817f382b3eb4ed80f339669eb	Eukaryota	lineages
saccharomycetes_odb10	2024-01-08	8b6e1a7e088592717f9677fdf15da697	Eukaryota	lineages
saccharomycetes_odb12	2025-07-01	5d39515e8213e99ee4f031f01108c90c	Eukaryota	lineages
salinicoccus_odb12	2025-05-14	6d7235b993f1a9321d00f9efc96c9963	Prokaryota	lineages
saprolegniaceae_odb12	2025-07-01	878a030be4fa48bdbc337aeb2cf3fab6	Eukaryota	lineages
sauropsida_odb10	2024-01-08	9cc70aa59593e937612bef7c27d1edaf	Eukaryota	lineages
sauropsida_odb12	2025-07-01	3e99a56b8f7cccff54d03ee0f9a5dbb7	Eukaryota	lineages
selenomonadaceae_odb12	2025-05-14	73b112c0ca8505b6019d43a9554f49a4	Prokaryota	lineages
selenomonadales_odb10	2024-01-08	56c4bd6baa137ddd0d83f9c924261ec4	Prokaryota	lineages
selenomonadales_odb12	2025-05-14	b26e3cd718197fc845fb7936d8fa456f	Prokaryota	lineages
selenomonas_odb12	2025-05-14	a1645e4a5d48942949ad21eb35ab50e6	Prokaryota	lineages
shewanella_odb12	2025-05-14	e25534d1db7dac8a5399acf0d2ae43cb	Prokaryota	lineages
simplexvirus_odb10	2024-01-08	fffd2907f63fe04c78fabd61d2f56919	Virus	lineages
sinorhizobium_odb12	2025-05-14	dd0760295f56f0a77be5afa974a575c5	Prokaryota	lineages
skunavirus_odb10	2024-01-08	68fbb8404853ae930651c3af1baa7b49	Virus	lineages
solanales_odb10	2024-01-08	66f358ec9289490e465b49c534d68963	Eukaryota	lineages
solanales_odb12	2025-07-01	677fd7e99c09e31515714569b5813b11	Eukaryota	lineages
sordariales_odb12	2025-07-01	23853dd21ab798521ba1e610903fc5ab	Eukaryota	lineages
sordariomycetes_odb10	2024-01-08	d2eaf7b7dcdc98c696193200a64f680b	Eukaryota	lineages
sordariomycetes_odb12	2025-07-01	9b89da0511fba13f87c37f87a4d1d202	Eukaryota	lineages
sphingobacteriia_odb10	2024-01-08	242603fe2ff0935de82a73610d3c7ecf	Prokaryota	lineages
sphingobacteriia_odb12	2025-05-14	d7117d518ae791e192545f0ebb79bba0	Prokaryota	lineages
sphingobacterium_odb12	2025-05-14	ec2db484c31bf9f11aac908e4c0be437	Prokaryota	lineages
sphingobium_odb12	2025-05-14	b519a5d0ab242180d271a7f62a4a45ac	Prokaryota	lineages
sphingomonadales_odb10	2024-01-08	0d2a778d7223204d457fed9159c3cd0b	Prokaryota	lineages
sphingomonadales_odb12	2025-05-14	524b83d8f09731d1ed98ce529dbba31f	Prokaryota	lineages
sphingomonas_odb12	2025-05-14	8ed6267fa1b9a542a0ef1cb63509fa92	Prokaryota	lineages
sphingopyxis_odb12	2025-05-14	09d2fb4f5bc5dc9d32abe5dd67c50b5f	Prokaryota	lineages
spirochaetaceae_odb12	2025-05-14	e0c54b82fd0e1357166c18e7cf9c9d8d	Prokaryota	lineages
spirochaetales_odb10	2024-01-08	25566c0ec1f4157549b29909987fe2dc	Prokaryota	lineages
spirochaetales_odb12	2025-05-14	9ffe4676f853e729c423edbff5ba89aa	Prokaryota	lineages
spirochaetes_odb10	2024-01-08	791cb6d5240aee08cbfc31aa46c95fea	Prokaryota	lineages
spirochaetia_odb10	2024-01-08	2d872abdb7804ed46d064ebf1a4af183	Prokaryota	lineages
spirochaetota_odb12	2025-05-14	c7128070f1cfe478f6734c56fc1f5612	Prokaryota	lineages
spiroplasma_odb12	2025-05-14	d8c06cf2d7cc0a9b578eb1ce33338726	Prokaryota	lineages
sporosarcina_odb12	2025-05-14	320f2d029a773686627482423dab282f	Prokaryota	lineages
spounavirinae_odb10	2024-01-08	286365f43fe02aad53b89555d36cd6b0	Virus	lineages
squamata_odb12	2025-07-01	175f9da5459e0b1e03f467f7fddc2c96	Eukaryota	lineages
staphylococcaceae_odb12	2025-05-14	80f4c1abffa8b7f26a76fde1144f7823	Prokaryota	lineages
staphylococcus_odb12	2025-05-14	849207fb596d8c20294d35b494b9936e	Prokaryota	lineages
stenotrophomonas_odb12	2025-05-14	7372b45701e97476f3519d6b09860a19	Prokaryota	lineages
stramenopiles_odb10	2024-01-08	c47e74b9b44f96393aab60a94da41d9b	Eukaryota	lineages
stramenopiles_odb12	2025-07-01	f40d62bb81b65f419526c2ef997670ca	Eukaryota	lineages
streptacidiphilus_odb12	2025-05-14	4b94cdc379ed44e8f761123e30b356e0	Prokaryota	lineages
streptococcaceae_odb12	2025-05-14	8612c9d83d9d00ed7aaa3936762462e9	Prokaryota	lineages
streptomyces_odb12	2025-05-14	fd1e9ceac5412cc71f619739ed41cc1c	Prokaryota	lineages
streptomycetales_odb10	2024-01-08	0fa3b1d4ad18d32f22cfa3e9df6c5f24	Prokaryota	lineages
streptosporangiales_odb10	2024-01-08	efc360354567844fa58da793f464eb81	Prokaryota	lineages
streptosporangiales_odb12	2025-05-14	c019c32d1f8dcc2c74b289eb1f5651d1	Prokaryota	lineages
sulfitobacter_odb12	2025-05-14	23c096d0a4b47be595ea0c8e3b857200	Prokaryota	lineages
sulfolobales_odb10	2024-01-08	8a61f401552651f1a65901602ebeafe8	Prokaryota	lineages
sulfolobales_odb12	2025-05-14	04b55d5c4673a8939c048635d93645f0	Prokaryota	lineages
supermatrix.aln.archaea_odb10.faa	2019-12-16	e9d2c8065a7779f9447b154b9030bcf8	Prokaryota	placement_files
supermatrix.aln.archaea_odb12.faa	2024-11-15	3be52af2654e7f68cb735f16df17e8c9	Prokaryota	placement_files
supermatrix.aln.bacteria_odb10.faa	2019-12-16	eba6a090cbe21abe1db69d841e8231bc	Prokaryota	placement_files
supermatrix.aln.bacteria_odb12.faa	2024-11-15	c0be337678961cb10db025ffdeefe661	Prokaryota	placement_files
supermatrix.aln.eukaryota_odb10.faa	2019-12-16	3584e9fb12211b8c8c3ad63666444be1	Eukaryota	placement_files
supermatrix.aln.eukaryota_odb12.faa	2025-01-15	a3186e0d22ad4821c4367d6247fdb490	Eukaryota	placement_files
synechococcaceae_odb12	2025-05-14	f49faf95fab60442bdb7669c026dacf8	Prokaryota	lineages
synechococcales_odb10	2024-01-08	9a472bbb3c02e033f3672644bbb27779	Prokaryota	lineages
synechococcales_odb12	2025-05-14	66581f34b83b9e842bad4501f3b2c5d0	Prokaryota	lineages
synergistetes_odb10	2024-01-08	a5bf4d9973e8ea1fbdf3ea8284bd8957	Prokaryota	lineages
synergistota_odb12	2025-05-14	d985d30cc39c55a66b06d236f961cd5e	Prokaryota	lineages
tenacibaculum_odb12	2025-05-14	51aef6af5413d71e82005f29d1073efb	Prokaryota	lineages
tenericutes_odb10	2024-01-08	f2bbba733d5b3a531ba14d7338d2fb8f	Prokaryota	lineages
tequatrovirus_odb10	2024-01-08	67a3c9d25ded118212840dfd87c37d96	Virus	lineages
teseptimavirus_odb10	2024-01-08	18d63d8e679c6fc6086d906d6b917f05	Virus	lineages
tetrapoda_odb10	2024-01-08	536277f71a4369b266c77c46d7e4fc1b	Eukaryota	lineages
tetrapoda_odb12	2025-07-01	1079282a5bd4feb11c3f2eaba6c0ab08	Eukaryota	lineages
tevenvirinae_odb10	2024-01-08	fac34fac2c70199fcbe69c0a7a663d71	Virus	lineages
thauera_odb12	2025-05-14	9d96ccf585d218c0f408199604735fcb	Prokaryota	lineages
thaumarchaeota_odb10	2024-01-08	216d7dfaa4b307e5bf6f136bf310cece	Prokaryota	lineages
thermaceae_odb12	2025-05-14	c8bc7a02f0c2a0a97a99390e6270fe63	Prokaryota	lineages
thermoanaerobacterales_odb10	2024-01-08	d66c7a944c1f36dc22353a62e663065b	Prokaryota	lineages
thermoanaerobacterales_odb12	2025-05-14	63dde6e33dc46876ea10ef412674e23d	Prokaryota	lineages
thermococcaceae_odb12	2025-05-14	77016e8a4c7a1c42a3ea6571db4aaa78	Prokaryota	lineages
thermococcus_odb12	2025-05-14	aebbdda01790f939c49fb4c90db04ace	Prokaryota	lineages
thermoplasmata_odb10	2024-01-08	f3ec5b6d8fa79c4c6caa37e6b0c09776	Prokaryota	lineages
thermoplasmata_odb12	2025-05-14	c428ef835c3bb5d793ae168c7302f725	Prokaryota	lineages
thermoproteaceae_odb12	2025-05-14	8088815666db7bbad94425293611bba6	Prokaryota	lineages
thermoproteales_odb10	2024-01-08	c92700b9bc1018ba50741c453632a758	Prokaryota	lineages
thermoproteales_odb12	2025-05-14	706e0dfbcb6158cc712cb777da7af2be	Prokaryota	lineages
thermoprotei_odb10	2024-01-08	e9c08ac322b0c8e4d1c052e6738ad85d	Prokaryota	lineages
thermoprotei_odb12	2025-05-14	5ad5c7decce341b9ba3029a70a6def8c	Prokaryota	lineages
thermotogae_odb10	2024-01-08	546306dabbd386be2d9940a2c0d0deb1	Prokaryota	lineages
thermotogota_odb12	2025-05-14	a3db04de5693e03014c336264da99a09	Prokaryota	lineages
thermus_odb12	2025-05-14	9805b8b94ebc4195baad4bf0b11adca6	Prokaryota	lineages
thioalkalivibrio_odb12	2025-05-14	701ae88bbead38436b3e54051082371f	Prokaryota	lineages
thiotrichales_odb10	2024-01-08	7871f11be31cf3dfb0f57e8a1f5b31f1	Prokaryota	lineages
thiotrichales_odb12	2025-05-14	27fe8555d095ecb9d4f1dbda5f0c8a3c	Prokaryota	lineages
tissierellales_odb10	2024-01-08	d5651b1b2e07433fc212881bd1482b72	Prokaryota	lineages
tissierellia_odb10	2024-01-08	f56b85fda5d5cb55322a8cbd452dd365	Prokaryota	lineages
tissierellia_odb12	2025-05-14	027e029ad8e1f72eebd2cd67e3717955	Prokaryota	lineages
trebouxiophyceae_odb12	2025-07-01	3794abea615148931383126ea8f84ab0	Eukaryota	lineages
tree.archaea_odb10.nwk	2019-12-16	23a9602460ca3ba12a4382964c40add4	Prokaryota	placement_files
tree.archaea_odb12.nwk	2024-11-15	97cfb30dadc8fb41ed2f53d3775b5a20	Prokaryota	placement_files
tree.bacteria_odb10.nwk	2019-12-16	3cbe2d6292e02ee78b92b42ec7c13bf5	Prokaryota	placement_files
tree.bacteria_odb12.nwk	2024-11-15	384ce02da13d45bb9cc0d65e955f20d3	Prokaryota	placement_files
tree.eukaryota_odb10.nwk	2019-12-16	cb0d434ee9d87f5d6babd1832a3fa419	Eukaryota	placement_files
tree.eukaryota_odb12.nwk	2025-01-15	629fb83a47f0d5989ffc63a3e42a92f2	Eukaryota	placement_files
tree_metadata.archaea_odb10.txt	2019-12-16	1cc8a1284c883d9a5a8e33e70a81a743	Prokaryota	placement_files
tree_metadata.archaea_odb12.txt	2024-11-15	1dd894cf58fe028060c427f2a51bbbc1	Prokaryota	placement_files
tree_metadata.bacteria_odb10.txt	2019-12-16	04a34d1dbcc0814bd0f5acee1d2a9c3f	Prokaryota	placement_files
tree_metadata.bacteria_odb12.txt	2024-11-15	553a7a0b66e483a65d430a1e7bc80d89	Prokaryota	placement_files
tree_metadata.eukaryota_odb10.txt	2019-12-16	589ac2a41cb79863d4b0b061e472afea	Eukaryota	placement_files
tree_metadata.eukaryota_odb12.txt	2025-01-15	3ba3f0af3724ce9bfdaf83f020695b9d	Eukaryota	placement_files
tremellomycetes_odb10	2024-01-08	a0bfe1ffe4313753173cd341ddcc4c07	Eukaryota	lineages
tremellomycetes_odb12	2025-07-01	dc04bfa56ec97562af13ba1bc5eddcfc	Eukaryota	lineages
treponema_odb12	2025-05-14	051330b8dbd17ace3f51f99af7ee4696	Prokaryota	lineages
trypanosoma_odb12	2025-07-01	b098f5fe5d0628e4b939ee439d0b84eb	Eukaryota	lineages
tunavirinae_odb10	2024-01-08	fe8a69addddcbc43732a4504aff538e2	Virus	lineages
ustilaginomycetes_odb12	2025-07-01	2df6956071f212535f2dc6e485a47ae9	Eukaryota	lineages
varicellovirus_odb10	2024-01-08	43c79da0fb65e9d5941d71458cf844ad	Virus	lineages
variovorax_odb12	2025-05-14	cde739ab4df9026055423622fd478145	Prokaryota	lineages
veillonellaceae_odb12	2025-05-14	c9efc4f59d54bfe67a4fd88af469d400	Prokaryota	lineages
veillonella_odb12	2025-05-14	57183461fc9e128c72b782dec7f03a4a	Prokaryota	lineages
verrucomicrobia_odb10	2024-01-08	1c380e10eaac2482a9485fe14b7bad47	Prokaryota	lineages
verrucomicrobiota_odb12	2025-05-14	5c3a470a967ce218da5a2b5a9bf7dbba	Prokaryota	lineages
vertebrata_odb10	2024-01-08	d292737afaec0ac95bde4f4a8d2ea814	Eukaryota	lineages
vertebrata_odb12	2025-07-01	36540530fee93285ca3c90844f67da0d	Eukaryota	lineages
vibrionales_odb10	2024-01-08	e9ec5827bed867a01d07d7d03aaddc4c	Prokaryota	lineages
vibrionales_odb12	2025-05-14	cc55e5a8c103ed4e96f0aa715a73dde2	Prokaryota	lineages
vibrio_odb12	2025-05-14	cea7cee81ad51e5fc14b3a3638211443	Prokaryota	lineages
virgibacillus_odb12	2025-05-14	c5c5f8f1015c5459e7095f5cca444f38	Prokaryota	lineages
viridiplantae_odb10	2024-01-08	90d6ce27fde83f1e4aba1d6a8f523673	Eukaryota	lineages
viridiplantae_odb12	2025-07-01	ec90ce08b56a8542ac24d83e82fe54ab	Eukaryota	lineages
virus_datasets.txt	2020-11-26	a7d1e4d4bb6327d01efde3bcc8658cb3	NaN	information
weissella_odb12	2025-05-14	23eb936ee9cf5e2663f5a30a7da7fa35	Prokaryota	lineages
xanthomonadales_odb10	2024-01-08	47dd98a24916b28b52500e9a036eb8a8	Prokaryota	lineages
xanthomonadales_odb12	2025-05-14	6e91ce1123a7b6328c096975f40a2137	Prokaryota	lineages
xanthomonas_odb12	2025-05-14	28819c6d23babf64f2e9f6ca66926add	Prokaryota	lineages
xylariales_odb12	2025-07-01	2e1eb65d6e2d5f06f7e1d43ab04d1a0d	Eukaryota	lineages
yersiniaceae_odb12	2025-05-14	fbce109f373815b3dfddcdde503e4ecf	Prokaryota	lineages
yersinia_odb12	2025-05-14	42d243f4120fccc8020fc728660da9f3	Prokaryota	lineages
